{ "filter": {
    "stages": [
        {
            "comment": "Pass band @ Fs/64, stop band at Fs/4",
            "decimation": 2,
            "taps": [
                -0.002067299733111,
                -0.008703156146901,
                -0.017298856685222,
                -0.014266707667245,
                 0.020008863961709,
                 0.092914497141436,
                 0.183071638211144,
                 0.246417684171084,
                 0.246417684171084,
                 0.183071638211144,
                 0.092914497141436,
                 0.020008863961709,
                -0.014266707667245,
                -0.017298856685222,
                -0.008703156146901,
                -0.002067299733111
            ]
        },

        {
            "comment": "Pass band @ Fs_dec/64, stop band @ Fs_dec/8, for Fs_dec = Fs/2",
            "decimation": 2,
            "taps": [
                 0.000023141862374,
                -0.000903385959000,
                -0.002350220421125,
                -0.004671532327004,
                -0.007483068344771,
                -0.009935924675489,
                -0.010679823350687,
                -0.008068969850446,
                -0.000547656665918,
                 0.012857893175535,
                 0.032083195080695,
                 0.055759772559803,
                 0.081260887134508,
                 0.105098365442994,
                 0.123602526780264,
                 0.133720590452750,
                 0.133720590452750,
                 0.123602526780264,
                 0.105098365442994,
                 0.081260887134508,
                 0.055759772559803,
                 0.032083195080695,
                 0.012857893175535,
                -0.000547656665918,
                -0.008068969850446,
                -0.010679823350687,
                -0.009935924675489,
                -0.007483068344771,
                -0.004671532327004,
                -0.002350220421125,
                -0.000903385959000,
                0.000023141862374
            ]
        }
    ]
}}

