{ "filter": {
    "comment": "Pass band: Fs/32, stop band: Fs/4",

    "stages": [
        { 
            "decimation": 1,
            "taps": [
                -0.000020711918526,
                -0.000146566914069,
                -0.000470545087150,
                -0.000798579796217,
                -0.000314292274257,
                 0.002020960252000,
                 0.005782514447893,
                 0.007290785994475,
                 0.000755546719442,
                -0.015784155445498,
                -0.033139086016398,
                -0.030529009310431,
                 0.012413316854592,
                 0.096847091034484,
                 0.194889551626019,
                 0.261202984239581,
                 0.261202984239581,
                 0.194889551626019,
                 0.096847091034484,
                 0.012413316854592,
                -0.030529009310431,
                -0.033139086016398,
                -0.015784155445498,
                 0.000755546719442,
                 0.007290785994475,
                 0.005782514447893,
                 0.002020960252000,
                -0.000314292274257,
                -0.000798579796217,
                -0.000470545087150,
                -0.000146566914069,
                -0.000020711918526
            ]
        }
    ]
}}
